Réf.,Libellé,Priorité
BOM2310-0004,Kit Quincaillerie pour 1 porte 14U 16U 22U,1
BOM2310-0005,Kit Quincaillerie pour Fixation Meuble,
BOM2310-0007,Kit Tiroir Longueur 270 Hauteur 3U,1
BOM2310-0006,Kit Quincaillerie pour 1 Tiroir,
BOM2310-0008,Kit Tiroir Longueur 270 Hauteur 6U,1
BOM2310-0009,Kit Tiroir Longueur 300 Hauteur 3U,1
BOM2310-0010,Kit Tiroir Longueur 300 Hauteur 6U,1
BOM2310-0011,Kit Tiroir Longueur 350 Hauteur 3U,1
BOM2310-0012,Kit Tiroir Longueur 350 Hauteur 6U,1
BOM2310-0016,Kit Quincaillerie 1 Coulissant,
BOM2310-0020,Kit Quincaillerie Plan de Travail,
BOM2310-0021,Kit Quincaillerie Imposte Frigo,
BOM2310-0022,Kit Quincaillerie pour table SLG,
BOM2310-0024,Kit Quincaillerie Fond de meuble SLT,
BOM2310-0025,Kit Quincaillerie pour Porte 36U,1
BOM2310-0026,Kit Quincaillerie pour Table UAV,
BOM2310-0027,Kit Quincaillerie Table pour Lit Peigne,
BOM2310-0031,Kit Quincaillerie pour Coffre SCA,
BOM2310-0033,Kit Quincaillerie fixation SCA,
BOM2310-0034,Kit quincaillerie pour meuble cabine approfondie,
BOM2310-0035,Kit Quincaillerie pour Tiroir SCA,1
BOM2310-0036,Kit Quincaillerie pour Pattes de Dossier Banquette,
BOM2310-0037,Kit Quincaillerie pour Tiroir Banquette,1
BOM2310-0038,Kit Quincaillerie pour Banquette 120 Standard,
BOM2310-0039,Kit Quincaillerie pour Banquette 140 Standard,
BOM2310-0040,Kit Quincaillerie pour Banquette 120 Surf,
BOM2310-0041,Kit Quincaillerie pour Banquette 140 Surf,
BOM2310-0042,Kit Quincaillerie pour Meuble Latéral Gauche L2 - Standard,
BOM2310-0044,Kit-Qu-1Colonne_Haute_UAV_L1-GEN,
BOM2501-0048,Kit Quincaillerie pour Banquette en L,
BOM2501-0049,Kit Quincaillerie Banquette UAV et UAVXL,
BOM2501-0050,Kit Quincaillerie pour Banquette Lit Peigne,
BOM2501-0053,Kit Lames Rideau Coulissants ALU 36U,
BOM2501-0054,Kit Lames Rideau Coulissants Anthracite 36U,
BOM2501-0058,Kit Quincaillerie montage meuble,
BOM2501-0064,Kit Quincaillerie pour 1 Colonne Haute SCG,
BOM2501-0065,Kit Quincaillerie pour 2 Colonnes Hautes SCG,
BOM2501-0066,Kit Quincaillerie pour Meuble Latéral Droit L1,
BOM2501-0067,Kit Quincaillerie pour Meuble Latéral Droit L2,
BOM2501-0068,Kit Quincaillerie pour Meuble Latéral Gauche L1 pour K0,
BOM2501-0069,Kit Quincaillerie pour Meuble Latéral Gauche L1 - Standard,
BOM2501-0070,Kit Quincaillerie pour Meuble Latéral Gauche L2 - Standard,
BOM2501-0071,Kit Quincaillerie pour Meuble Latéral Gauche L2 pour K0,
BOM2501-0072,Kit Quincaillerie Meuble Transversal - 2 Colonnes,
BOM2501-0073,Kit Quincaillerie Meuble Transversal - 3 Colonnes,
BOM2501-0080,Kit Coté Droit de Tiroir 270 3U,
BOM2502-0089,Kit 3 Coulissants Anthracite,
BOM2501-0091,Kit Coté Droit de Tiroir 270 6U,1
BOM2501-0092,Kit Coté Gauche de Tiroir 270 6U,1
BOM2501-0093,Kit Coté Gauche de Tiroir 270 3U,1
BOM2501-0094,Kit Coté Droit de Tiroir 300 3U,1
BOM2501-0095,Kit Coté Gauche de Tiroir 300 6U,1
BOM2501-0096,Kit Coté Gauche de Tiroir 300 3U,1
BOM2501-0097,Kit Coté Droit de Tiroir 300 6U,1
BOM2501-0098,Kit Coté Droit de Tiroir 350 3U,1
BOM2501-0099,Kit Coté Gauche de Tiroir 350 3U,1
BOM2501-0100,Kit Coté Gauche de Tiroir 350 6U,1
BOM2501-0101,Kit Coté Droit de Tiroir 350 6U,1
BOM2501-0139,Kit Meuble Transversal - 2 Colonnes SPE 0721,
BOM2503-0141,Kit de fixation pour meuble transversal,
BOM2501-0159,Kit lames rideau coulissants ALU 20U,
BOM2501-0160,Kit Lames Rideau Coulissants Anthracite 20U,
BOM2504-0183,Kit Placage Plafond Brut Universel,
BOM2504-0186,Kit PLA-XX-201-202 Porte ARB,
BOM2504-0187,Kit PLA-XX-203-204 Porte AR H,
BOM2504-0188,Kit PLA-XB-301 ARG L2,
BOM2504-0189,Kit PLA-XX-302 AVG Bas (Fenêtre),
BOM2504-0190,Kit PLA-XX-304 AVG (Intégral),
BOM2504-0191,Kit PLA-XX-211 - Placage Hayon AR BAS,
BOM2504-0192,Kit PLA-XX-212 - Placage Hayon AR Haut,
BOM2504-0193,Kit PLA-XB-401 ARD L2,
BOM2504-0194,Kit PLA-XX-502 Placage Porte LAT D Bas,
BOM2504-0196,Kit PLA-XX-703 Placage Porte LAT G Haut,
BOM2504-0197,Kit PLA-XX-702 Placage Porte LAT G Bas,
BOM2504-0198,Kit PLA-XX-601-602 Plaquage Montant,
BOM2504-0199,Kit PLA-XA-401 ARD L1,
BOM2504-0201,Kit PLA-XX-702 Placage Porte LAT G Bas,